{
    "units_l1": 136,
    "activation_l1": "relu",
    "dropout_l1": 0.2122241670340969,
    "n_layers": 6,
    "units_l2": 431,
    "activation_l2": "selu",
    "dropout_l2": 0.29816180024126976,
    "units_l3": 149,
    "activation_l3": "relu",
    "dropout_l3": 0.263752677700292,
    "units_l4": 186,
    "activation_l4": "relu",
    "dropout_l4": 0.20212663790807625,
    "units_l5": 112,
    "activation_l5": "elu",
    "dropout_l5": 0.2595493023969793,
    "units_l6": 335,
    "activation_l6": "elu",
    "dropout_l6": 0.44126044479107346,
    "units_l7": 417,
    "activation_l7": "elu",
    "dropout_l7": 0.2798528802652967,
    "lr": 9.997552110241932e-05,
    "batch_size": 110
}